產業類別,產業性質,產業名稱,製造四大工業
農、林、漁、牧業,農作物栽培業,稻作栽培業,
農、林、漁、牧業,農作物栽培業,雜糧栽培業,
農、林、漁、牧業,農作物栽培業,特用作物栽培業,
農、林、漁、牧業,農作物栽培業,蔬菜栽培業,
農、林、漁、牧業,農作物栽培業,果樹栽培業,
農、林、漁、牧業,農作物栽培業,食用菇蕈栽培業,
農、林、漁、牧業,農作物栽培業,花卉栽培業,
農、林、漁、牧業,農作物栽培業,其他農作物栽培業,
農、林、漁、牧業,畜牧業,牛飼育業,
農、林、漁、牧業,畜牧業,豬飼育業,
農、林、漁、牧業,畜牧業,雞飼育業,
農、林、漁、牧業,畜牧業,鴨飼育業,
農、林、漁、牧業,畜牧業,其他畜牧業,
農、林、漁、牧業,農事及畜牧服務業,農事及畜牧服務業,
農、林、漁、牧業,林業,林業,
農、林、漁、牧業,漁撈業,漁撈業,
農、林、漁、牧業,水產養殖業,海面養殖業,
農、林、漁、牧業,水產養殖業,內陸養殖業,
礦業及土石採取業,石油及天然氣礦業,石油及天然氣礦業,
礦業及土石採取業,砂、石採取及其他礦業,砂、石採取及其他礦業,
民生工業,民生工業,民生工業,
金屬機電工業,金屬機電工業,金屬機電工業,
資訊電子工業,資訊電子工業,資訊電子工業,
化學工業,化學工業,化學工業,
製造業,食品及飼品製造業,肉類加工及保藏業,民生工業
製造業,食品及飼品製造業,肉類加工及保藏業,民生工業
製造業,食品及飼品製造業,水產加工及保藏業,民生工業
製造業,食品及飼品製造業,蔬果加工及保藏業,民生工業
製造業,食品及飼品製造業,動植物油脂製造業,民生工業
製造業,食品及飼品製造業,乳品製造業,民生工業
製造業,食品及飼品製造業,碾榖、磨粉及澱粉製品製造業,民生工業
製造業,食品及飼品製造業,碾榖、磨粉及澱粉製品製造業,民生工業
製造業,食品及飼品製造業,碾榖、磨粉及澱粉製品製造業,民生工業
製造業,食品及飼品製造業,動物飼品製造業,民生工業
製造業,食品及飼品製造業,其他食品製造業,民生工業
製造業,食品及飼品製造業,其他食品製造業,民生工業
製造業,食品及飼品製造業,其他食品製造業,民生工業
製造業,食品及飼品製造業,其他食品製造業,民生工業
製造業,食品及飼品製造業,其他食品製造業,民生工業
製造業,食品及飼品製造業,其他食品製造業,民生工業
製造業,食品及飼品製造業,其他食品製造業,民生工業
製造業,食品及飼品製造業,其他食品製造業,民生工業
製造業,食品及飼品製造業,其他食品製造業,民生工業
製造業,飲料製造業,酒精飲料製造業,民生工業
製造業,飲料製造業,酒精飲料製造業,民生工業
製造業,飲料製造業,非酒精飲料製造業,民生工業
製造業,菸草製造業,菸草製造業,民生工業
製造業,紡織業,棉毛紡紗業,民生工業
製造業,紡織業,人造纖維紡紗業,民生工業
製造業,紡織業,人造纖維加工絲業,民生工業
製造業,紡織業,其他紡紗業,民生工業
製造業,紡織業,棉毛梭織布業,民生工業
製造業,紡織業,人造纖維梭織布業,民生工業
製造業,紡織業,玻璃纖維梭織布業,民生工業
製造業,紡織業,針織布業,民生工業
製造業,紡織業,其他織布業,民生工業
製造業,紡織業,不織布業,民生工業
製造業,紡織業,染整業,民生工業
製造業,紡織業,紡織製成品製造業,民生工業
製造業,紡織業,繩、纜及網製造業,民生工業
製造業,紡織業,其他紡織品製造業,民生工業
製造業,成衣及服飾品製造業,成衣製造業,民生工業
製造業,成衣及服飾品製造業,服飾品製造業,民生工業
製造業,皮革、毛皮及其製品製造業,皮革及毛皮整製業,化學工業
製造業,皮革、毛皮及其製品製造業,鞋類製造業,化學工業
製造業,皮革、毛皮及其製品製造業,行李箱及手提袋製造業,化學工業
製造業,皮革、毛皮及其製品製造業,其他皮革及毛皮製品製造業,化學工業
製造業,木竹製品製造業,製材業,民生工業
製造業,木竹製品製造業,合板及組合木材製造業,民生工業
製造業,木竹製品製造業,建築用木製品製造業,民生工業
製造業,木竹製品製造業,木質容器製造業,民生工業
製造業,木竹製品製造業,其他木竹製品製造業,民生工業
製造業,紙漿、紙及紙製品製造業,紙漿製造業,化學工業
製造業,紙漿、紙及紙製品製造業,紙張製造業,化學工業
製造業,紙漿、紙及紙製品製造業,紙板製造業,化學工業
製造業,紙漿、紙及紙製品製造業,瓦楞紙板及紙容器製造業,化學工業
製造業,紙漿、紙及紙製品製造業,家庭及衛生用紙製造業,化學工業
製造業,紙漿、紙及紙製品製造業,未分類其他紙製品製造業,化學工業
製造業,印刷及資料儲存媒體複製業,印刷業,化學工業
製造業,印刷及資料儲存媒體複製業,印刷輔助業,化學工業
製造業,印刷及資料儲存媒體複製業,資料儲存媒體複製業,化學工業
製造業,石油及煤製品製造業,石油及煤製品製造業,化學工業
製造業,化學材料及肥料製造業,化學原材料製造業,化學工業
製造業,化學材料及肥料製造業,肥料及氮化合物製造業,化學工業
製造業,化學材料及肥料製造業,塑膠原料製造業,化學工業
製造業,化學材料及肥料製造業,合成橡膠原料製造業,化學工業
製造業,化學材料及肥料製造業,人造纖維製造業,化學工業
製造業,其他化學製品製造業,農藥及環境用藥製造業,化學工業
製造業,其他化學製品製造業,塗料、染料及顏料製造業,化學工業
製造業,其他化學製品製造業,清潔用品製造業,化學工業
製造業,其他化學製品製造業,化菻~製造業,化學工業
製造業,其他化學製品製造業,未分類其他化學製品製造業,化學工業
製造業,藥品及醫用化學製品製造業,原料藥製造業,化學工業
製造業,藥品及醫用化學製品製造業,西藥製造業,化學工業
製造業,藥品及醫用化學製品製造業,醫用生物製品製造業,化學工業
製造業,藥品及醫用化學製品製造業,中藥製造業,化學工業
製造業,藥品及醫用化學製品製造業,醫用化學製品製造業,化學工業
製造業,橡膠製品製造業,輪胎製造業,化學工業
製造業,橡膠製品製造業,工業用橡膠製品製造業,化學工業
製造業,橡膠製品製造業,其他橡膠製品製造業,化學工業
製造業,塑膠製品製造業,塑膠皮、板及管材製造業,化學工業
製造業,塑膠製品製造業,塑膠膜袋製造業,化學工業
製造業,塑膠製品製造業,塑膠外殼及配件製造業,化學工業
製造業,塑膠製品製造業,其他塑膠製品製造業,化學工業
製造業,非金屬礦物製品製造業,平板玻璃及其製品製造業,民生工業
製造業,非金屬礦物製品製造業,玻璃容器製造業,民生工業
製造業,非金屬礦物製品製造業,玻璃纖維製造業,民生工業
製造業,非金屬礦物製品製造業,其他玻璃及其製品製造業,民生工業
製造業,非金屬礦物製品製造業,耐火材料製造業,民生工業
製造業,非金屬礦物製品製造業,黏土建築材料製造業,民生工業
製造業,非金屬礦物製品製造業,其他陶瓷製品製造業,民生工業
製造業,非金屬礦物製品製造業,水泥製造業,民生工業
製造業,非金屬礦物製品製造業,預拌混凝土製造業,民生工業
製造業,非金屬礦物製品製造業,水泥及混凝土製品製造業,民生工業
製造業,非金屬礦物製品製造業,石材製品製造業,民生工業
製造業,非金屬礦物製品製造業,研磨材料製造業,民生工業
製造業,非金屬礦物製品製造業,未分類其他非金屬礦物製品製造業,民生工業
製造業,基本金屬製造業,鋼鐵冶鍊業,金屬機電工業
製造業,基本金屬製造業,鋼鐵鑄造業,金屬機電工業
製造業,基本金屬製造業,鋼鐵軋延及擠型業,金屬機電工業
製造業,基本金屬製造業,鋼鐵伸線業,金屬機電工業
製造業,基本金屬製造業,鍊鋁業,金屬機電工業
製造業,基本金屬製造業,鋁鑄造業,金屬機電工業
製造業,基本金屬製造業,鋁材軋延、擠型及伸線業,金屬機電工業
製造業,基本金屬製造業,鍊銅業,金屬機電工業
製造業,基本金屬製造業,銅鑄造業,金屬機電工業
製造業,基本金屬製造業,銅材軋延、擠型及伸線業,金屬機電工業
製造業,基本金屬製造業,其他基本金屬鑄造業,金屬機電工業
製造業,基本金屬製造業,未分類其他基本金屬製造業,金屬機電工業
製造業,金屬製品製造業,金屬刀具及手工具製造業,金屬機電工業
製造業,金屬製品製造業,金屬模具製造業,金屬機電工業
製造業,金屬製品製造業,金屬結構製造業,金屬機電工業
製造業,金屬製品製造業,金屬建築組件製造業,金屬機電工業
製造業,金屬製品製造業,鍋爐、金屬貯槽及壓力容器製造業,金屬機電工業
製造業,金屬製品製造業,其他金屬容器製造業,金屬機電工業
製造業,金屬製品製造業,金屬鍛造業,金屬機電工業
製造業,金屬製品製造業,粉末冶金業,金屬機電工業
製造業,金屬製品製造業,金屬熱處理業,金屬機電工業
製造業,金屬製品製造業,金屬表面處理業,金屬機電工業
製造業,金屬製品製造業,其他金屬加工處理業,金屬機電工業
製造業,金屬製品製造業,螺絲、螺帽及鉚釘製造業,金屬機電工業
製造業,金屬製品製造業,金屬彈簧及線製品製造業,金屬機電工業
製造業,金屬製品製造業,未分類其他金屬製品製造業,金屬機電工業
製造業,電子零組件製造業,積體電路製造業,資訊電子工業
製造業,電子零組件製造業,分離式元件製造業,資訊電子工業
製造業,電子零組件製造業,半導體封裝及測試業,資訊電子工業
製造業,電子零組件製造業,被動電子元件製造業,資訊電子工業
製造業,電子零組件製造業,印刷電路板製造業,資訊電子工業
製造業,電子零組件製造業,面板及其組件製造業,資訊電子工業
製造業,電子零組件製造業,發光二極體製造業,資訊電子工業
製造業,電子零組件製造業,太陽能電池製造業,資訊電子工業
製造業,電子零組件製造業,其他光電材料及元件製造業,資訊電子工業
製造業,電子零組件製造業,印刷電路板組件製造業,資訊電子工業
製造業,電子零組件製造業,未分類其他電子零組件製造業,資訊電子工業
製造業,電腦、電子產品及光學製品製造業,電腦製造業,資訊電子工業
製造業,電腦、電子產品及光學製品製造業,顯示器及終端機製造業,資訊電子工業
製造業,電腦、電子產品及光學製品製造業,其他電腦週邊設備製造業,資訊電子工業
製造業,電腦、電子產品及光學製品製造業,電話及手機製造業,資訊電子工業
製造業,電腦、電子產品及光學製品製造業,其他通訊傳播設備製造業,資訊電子工業
製造業,電腦、電子產品及光學製品製造業,視聽電子產品製造業,資訊電子工業
製造業,電腦、電子產品及光學製品製造業,資料儲存媒體製造業,資訊電子工業
製造業,電腦、電子產品及光學製品製造業,量測、導航及控制設備製造業,資訊電子工業
製造業,電腦、電子產品及光學製品製造業,鐘錶製造業,資訊電子工業
製造業,電腦、電子產品及光學製品製造業,輻射及電子醫學設備製造業,資訊電子工業
製造業,電腦、電子產品及光學製品製造業,照相機製造業,資訊電子工業
製造業,電腦、電子產品及光學製品製造業,其他光學儀器及設備製造業,資訊電子工業
製造業,電力設備及配備製造業,發電、輸電及配電機械製造業,金屬機電工業
製造業,電力設備及配備製造業,電池製造業,金屬機電工業
製造業,電力設備及配備製造業,電線及電纜製造業,金屬機電工業
製造業,電力設備及配備製造業,配線器材製造業,金屬機電工業
製造業,電力設備及配備製造業,電燈泡及燈管製造業,金屬機電工業
製造業,電力設備及配備製造業,照明器具製造業,金屬機電工業
製造業,電力設備及配備製造業,家用空調器具製造業,金屬機電工業
製造業,電力設備及配備製造業,其他家用電器製造業,金屬機電工業
製造業,電力設備及配備製造業,其他電力設備及配備製造業,金屬機電工業
製造業,機械設備製造業,冶金機械製造業,金屬機電工業
製造業,機械設備製造業,金屬切削工具機製造業,金屬機電工業
製造業,機械設備製造業,其他金屬加工用機械設備製造業,金屬機電工業
製造業,機械設備製造業,農用及林用機械設備製造業,金屬機電工業
製造業,機械設備製造業,採礦及營造用機械設備製造業,金屬機電工業
製造業,機械設備製造業,食品、飲料及菸草製作用機械設備製造業,金屬機電工業
製造業,機械設備製造業,紡織、成衣及皮革生產用機械設備製造業,金屬機電工業
製造業,機械設備製造業,木工機械設備製造業,金屬機電工業
製造業,機械設備製造業,化工機械設備製造業,金屬機電工業
製造業,機械設備製造業,橡膠及塑膠加工用機械設備製造業,金屬機電工業
製造業,機械設備製造業,電子及半導體生產用機械設備製造業,金屬機電工業
製造業,機械設備製造業,未分類其他專用機械設備製造業,金屬機電工業
製造業,機械設備製造業,原動機製造業,金屬機電工業
製造業,機械設備製造業,流體傳動設備製造業,金屬機電工業
製造業,機械設備製造業,泵、壓縮機、活栓及活閥製造業,金屬機電工業
製造業,機械設備製造業,機械傳動設備製造業,金屬機電工業
製造業,機械設備製造業,輸送機械設備製造業,金屬機電工業
製造業,機械設備製造業,事務機械設備製造業,金屬機電工業
製造業,機械設備製造業,污染防治設備製造業,金屬機電工業
製造業,機械設備製造業,動力手工具製造業,金屬機電工業
製造業,機械設備製造業,其他通用機械設備製造業,金屬機電工業
製造業,汽車及其零件製造業,汽車製造業,金屬機電工業
製造業,汽車及其零件製造業,車體製造業,金屬機電工業
製造業,汽車及其零件製造業,汽車零件製造業,金屬機電工業
製造業,其他運輸工具及其零件製造業,船舶及浮動設施製造業,金屬機電工業
製造業,其他運輸工具及其零件製造業,機車製造業,金屬機電工業
製造業,其他運輸工具及其零件製造業,機車零件製造業,金屬機電工業
製造業,其他運輸工具及其零件製造業,自行車製造業,金屬機電工業
製造業,其他運輸工具及其零件製造業,自行車零件製造業,金屬機電工業
製造業,其他運輸工具及其零件製造業,未分類其他運輸工具及其零件製造業,金屬機電工業
製造業,家具製造業,木製家具製造業,民生工業
製造業,家具製造業,其他非金屬家具製造業,民生工業
製造業,家具製造業,金屬家具製造業,民生工業
製造業,其他製造業,體育用品製造業,民生工業
製造業,其他製造業,玩具及遊戲機製造業,民生工業
製造業,其他製造業,樂器製造業,民生工業
製造業,其他製造業,文具製造業,民生工業
製造業,其他製造業,眼鏡製造業,民生工業
製造業,其他製造業,其他醫療器材及用品製造業,民生工業
製造業,其他製造業,珠寶及金工製品製造業,民生工業
製造業,其他製造業,拉鍊及鈕扣製造業,民生工業
製造業,其他製造業,其他未分類製造業,民生工業
製造業,產業用機械設備維修及安裝業,產業用機械設備維修及安裝業,金屬機電工業
電力及燃氣供應業,電力供應業,電力供應業,
電力及燃氣供應業,氣體燃料供應業,氣體燃料供應業,
電力及燃氣供應業,蒸汽供應業,蒸汽供應業,
用水供應及污染整治業,用水供應業,用水供應業,
用水供應及污染整治業,廢水及污水處理業,廢水及污水處理業,
用水供應及污染整治業,廢棄物清除業,非有害廢棄物清除業,
用水供應及污染整治業,廢棄物清除業,有害廢棄物清除業,
用水供應及污染整治業,廢棄物處理業,非有害廢棄物處理業,
用水供應及污染整治業,廢棄物處理業,有害廢棄物處理業,
用水供應及污染整治業,資源物回收處理業,資源物回收處理業,
用水供應及污染整治業,污染整治業,污染整治業,
營建工程業,建築工程業,建築工程業,
營建工程業,道路工程業,道路工程業,
營建工程業,公用事業設施工程業,公用事業設施工程業,
營建工程業,其他土木工程業,其他土木工程業,
營建工程業,整地、基礎及結構工程業,整地、基礎及結構工程業,
營建工程業,庭園景觀工程業,庭園景觀工程業,
營建工程業,機電、管道及其他建築設備安裝業,機電、電信及電路設備安裝業,
營建工程業,機電、管道及其他建築設備安裝業,冷凍、空調及管道工程業,
營建工程業,機電、管道及其他建築設備安裝業,其他建築設備安裝業,
營建工程業,建物完工裝修工程業,建物完工裝修工程業,
營建工程業,其他專門營造業,其他專門營造業,
批發業,商品批發,商品批發經紀業,
批發業,綜合商品,綜合商品批發業,
批發業,農產原料及活動物批發業,穀類及豆類批發業,
批發業,農產原料及活動物批發業,花卉批發業,
批發業,農產原料及活動物批發業,活動物批發業,
批發業,農產原料及活動物批發業,其他農產原料批發業,
批發業,食品、飲料及菸草製品批發業,蔬果批發業,
批發業,食品、飲料及菸草製品批發業,肉品批發業,
批發業,食品、飲料及菸草製品批發業,水產品批發業,
批發業,食品、飲料及菸草製品批發業,冷凍調理食品批發業,
批發業,食品、飲料及菸草製品批發業,乳製品、蛋及食用油脂批發業,
批發業,食品、飲料及菸草製品批發業,菸酒批發業,
批發業,食品、飲料及菸草製品批發業,非酒精飲料批發業,
批發業,食品、飲料及菸草製品批發業,咖啡、茶葉及辛香料批發業,
批發業,食品、飲料及菸草製品批發業,其他食品批發業,
批發業,布疋及服飾品批發業,布疋批發業,
批發業,布疋及服飾品批發業,服裝及其配件批發業,
批發業,布疋及服飾品批發業,鞋類批發業,
批發業,布疋及服飾品批發業,其他服飾品批發業,
批發業,家用器具及用品批發業,家用電器批發業,
批發業,家用器具及用品批發業,家具批發業,
批發業,家用器具及用品批發業,家飾品批發業,
批發業,家用器具及用品批發業,家用攝影器材及光學產品批發業,
批發業,家用器具及用品批發業,鐘錶及眼鏡批發業,
批發業,家用器具及用品批發業,珠寶及貴金屬製品批發業,
批發業,家用器具及用品批發業,清潔用品批發業,
批發業,家用器具及用品批發業,其他家用器具及用品批發業,
批發業,藥品、醫療用品及化菻~批發業,藥品及醫療用品批發業,
批發業,藥品、醫療用品及化菻~批發業,化菻~批發業,
批發業,文教育樂用品批發業,書籍及文具批發業,
批發業,文教育樂用品批發業,運動用品及器材批發業,
批發業,文教育樂用品批發業,玩具及娛樂用品批發業,
批發業,建材批發業,木製建材批發業,
批發業,建材批發業,磚瓦、砂石、水泥及其製品批發業,
批發業,建材批發業,瓷磚、貼面石材及衛浴設備批發業,
批發業,建材批發業,漆料及塗料批發業,
批發業,建材批發業,金屬建材批發業,
批發業,建材批發業,其他建材批發業,
批發業,化學原材料及其製品批,化學原材料及其製品批發業,
批發業,燃料及相關產品批發業,液體、氣體燃料及相關產品批發業,
批發業,燃料及相關產品批發業,其他燃料批發業,
批發業,機械器具批發業,電腦及其週邊設備、軟體批發業,
批發業,機械器具批發業,電子、通訊設備及其零組件批發業,
批發業,機械器具批發業,農用及工業用機械設備批發業,
批發業,機械器具批發業,辦公用機械器具批發業,
批發業,機械器具批發業,其他機械器具批發業,
批發業,汽機車及其零配件、用品批發業,汽車批發業,
批發業,汽機車及其零配件、用品批發業,機車批發業,
批發業,汽機車及其零配件、用品批發業,汽機車零配件及用品批發業,
批發業,其他專賣批發業,回收物料批發業,
批發業,其他專賣批發業,未分類其他專賣批發業,
零售業,綜合商品,連鎖便利商店,
零售業,綜合商品,百貨公司,
零售業,綜合商品,其他綜合商品零售業,
零售業,食品、飲料及菸草製品零售業,蔬果零售業,
零售業,食品、飲料及菸草製品零售業,肉品零售業,
零售業,食品、飲料及菸草製品零售業,水產品零售業,
零售業,食品、飲料及菸草製品零售業,其他食品、飲料及菸草製品零售業,
零售業,布疋及服飾品零售業,布疋零售業,
零售業,布疋及服飾品零售業,服裝及其配件零售業,
零售業,布疋及服飾品零售業,鞋類零售業,
零售業,布疋及服飾品零售業,其他服飾品零售業,
零售業,家用器具及用品零售業,家用電器零售業,
零售業,家用器具及用品零售業,家具零售業,
零售業,家用器具及用品零售業,家飾品零售業,
零售業,家用器具及用品零售業,鐘錶及眼鏡零售業,
零售業,家用器具及用品零售業,珠寶及貴金屬製品零售業,
零售業,家用器具及用品零售業,其他家用器具及用品零售業,
零售業,藥品、醫療用品及化菻~零售業,藥品及醫療用品零售業,
零售業,藥品、醫療用品及化菻~零售業,化菻~零售業,
零售業,文教育樂用品零售業,書籍及文具零售業,
零售業,文教育樂用品零售業,運動用品及器材零售業,
零售業,文教育樂用品零售業,玩具及娛樂用品零售業,
零售業,文教育樂用品零售業,影音光碟零售業,
零售業,建材零售業,建材零售業,
零售業,燃料及相關產品零售業,加油及加氣站,
零售業,燃料及相關產品零售業,其他燃料及相關產品零售業,
零售業,資訊及通訊設備零售業,電腦及其週邊設備、軟體零售業,
零售業,資訊及通訊設備零售業,通訊設備零售業,
零售業,資訊及通訊設備零售業,視聽設備零售業,
零售業,汽機車及其零配件、用品零售業,汽車零售業,
零售業,汽機車及其零配件、用品零售業,機車零售業,
零售業,汽機車及其零配件、用品零售業,汽機車零配件及用品零售業,
零售業,其他專賣零售業,花卉零售業,
零售業,其他專賣零售業,其他全新商品零售業,
零售業,其他專賣零售業,中古商品零售業,
零售業,零售攤販,食品、飲料及菸草製品之零售攤販,
零售業,零售攤販,紡織品、服裝及鞋類之零售攤販,
零售業,零售攤販,其他零售攤販,
零售業,其他非店面零售業,電子購物及郵購業,
零售業,其他非店面零售業,直銷業,
零售業,其他非店面零售業,未分類其他非店面零售業,
運輸及倉儲業,鐵路運輸業,鐵路運輸業,
運輸及倉儲業,捷運運輸業,捷運運輸業,
運輸及倉儲業,汽車客運業,公共汽車客運業,
運輸及倉儲業,汽車客運業,計程車客運業,
運輸及倉儲業,汽車客運業,其他汽車客運業,
運輸及倉儲業,汽車貨運業,汽車貨運業,
運輸及倉儲業,其他陸上運輸業,其他陸上運輸業,
運輸及倉儲業,海洋水運業,海洋水運業,
運輸及倉儲業,內河及湖泊水運業,內河及湖泊水運業,
運輸及倉儲業,航空運輸業,航空運輸業,
運輸及倉儲業,報關業,報關業,
運輸及倉儲業,船務代理業,船務代理業,
運輸及倉儲業,貨運承攬業,陸上貨運承攬業,
運輸及倉儲業,貨運承攬業,海洋貨運承攬業,
運輸及倉儲業,貨運承攬業,航空貨運承攬業,
運輸及倉儲業,陸上運輸輔助業,停車場,
運輸及倉儲業,陸上運輸輔助業,其他陸上運輸輔助業,
運輸及倉儲業,水上運輸輔助業,港埠業,
運輸及倉儲業,水上運輸輔助業,其他水上運輸輔助業,
運輸及倉儲業,航空運輸輔助業,航空運輸輔助業,
運輸及倉儲業,其他運輸輔助業,其他運輸輔助業,
運輸及倉儲業,倉儲業,普通倉儲業,
運輸及倉儲業,倉儲業,冷凍冷藏倉儲業,
運輸及倉儲業,郵政業,郵政業,
運輸及倉儲業,遞送服務業,遞送服務業,
住宿及餐飲業,短期住宿業,短期住宿業,
住宿及餐飲業,其他住宿業,其他住宿業,
住宿及餐飲業,餐食業,餐館,
住宿及餐飲業,餐食業,餐食攤販,
住宿及餐飲業,外燴及團膳承包業,外燴及團膳承包業,
住宿及餐飲業,飲料業,飲料店,
住宿及餐飲業,飲料業,飲料攤販,
出版、影音製作、傳播,新聞、雜誌、期刊、書籍及其他出版業,新聞出版業,
出版、影音製作、傳播,新聞、雜誌、期刊、書籍及其他出版業,雜誌及期刊出版業,
出版、影音製作、傳播,新聞、雜誌、期刊、書籍及其他出版業,書籍出版業,
出版、影音製作、傳播,新聞、雜誌、期刊、書籍及其他出版業,其他出版業,
出版、影音製作、傳播,軟體出版業,軟體出版業,
出版、影音製作、傳播,影片及電視節目業,影片及電視節目製作業,
出版、影音製作、傳播,影片及電視節目業,影片及電視節目後製業,
出版、影音製作、傳播,影片及電視節目業,影片及電視節目發行業,
出版、影音製作、傳播,影片及電視節目業,影片放映業,
出版、影音製作、傳播,聲音錄製及音樂發行業,聲音錄製及音樂發行業,
出版、影音製作、傳播,廣播業,廣播業,
出版、影音製作、傳播,電視節目編排及傳播業,電視節目編排及傳播業,
出版、影音製作、傳播,電信業,有線電信業,
出版、影音製作、傳播,電信業,無線電信業,
出版、影音製作、傳播,電信業,其他電信業,
出版、影音製作、傳播,電腦程式設計、諮詢及相關服務業,電腦程式設計業,
出版、影音製作、傳播,電腦程式設計、諮詢及相關服務業,電腦諮詢及設備管理業,
出版、影音製作、傳播,電腦程式設計、諮詢及相關服務業,其他電腦相關服務業,
出版、影音製作、傳播,入口網站經營、資料處理、主機及網站代管服務,入口網站經營業,
出版、影音製作、傳播,入口網站經營、資料處理、主機及網站代管服務,資料處理、主機及網站代管服務業,
出版、影音製作、傳播,其他資訊服務業,其他資訊服務業,
金融及保險業,貨幣中介業,中央銀行,
金融及保險業,貨幣中介業,銀行業,
金融及保險業,貨幣中介業,信用合作社,
金融及保險業,貨幣中介業,農會及漁會信用部,
金融及保險業,貨幣中介業,郵政儲金匯兌業,
金融及保險業,貨幣中介業,其他貨幣中介業,
金融及保險業,控股業,金融控股業,
金融及保險業,控股業,其他控股業,
金融及保險業,信託、基金及類似金融實體,信託、基金及類似金融實體,
金融及保險業,其他金融服務業,金融租賃業,
金融及保險業,其他金融服務業,票券金融業,
金融及保險業,其他金融服務業,民間融資業,
金融及保險業,其他金融服務業,未分類其他金融服務業,
金融及保險業,人身保險業,人身保險業,
金融及保險業,財產保險業,財產保險業,
金融及保險業,再保險業,再保險業,
金融及保險業,退休基金,退休基金,
金融及保險業,保險輔助業,保險代理及經紀業,
金融及保險業,保險輔助業,其他保險輔助業,
金融及保險業,證券業,證券商,
金融及保險業,證券業,證券輔助業,
金融及保險業,期貨業,期貨商,
金融及保險業,期貨業,期貨輔助業,
金融及保險業,基金管理業,基金管理業,
金融及保險業,其他金融輔助業,投資顧問業,
金融及保險業,其他金融輔助業,未分類其他金融輔助業,
不動產業,不動產開發業,不動產開發業,
不動產業,不動產經營業,不動產租售業,
不動產業,不動產經營業,不動產經紀業,
不動產業,其他不動產業,不動產代管業,
不動產業,其他不動產業,不動產估價業,
不動產業,其他不動產業,未分類其他不動產業,
專業、科學及技術服務,法律服務業,律師事務服務業,
專業、科學及技術服務,法律服務業,地政士事務服務業,
專業、科學及技術服務,法律服務業,其他法律服務業,
專業、科學及技術服務,會計服務業,會計服務業,
專業、科學及技術服務,企業總管理機構,企業總管理機構,
專業、科學及技術服務,管理顧問業,管理顧問業,
專業、科學及技術服務,建築、工程服務及相關技術顧問業,建築服務業,
專業、科學及技術服務,建築、工程服務及相關技術顧問業,工程服務及相關技術顧問業,
專業、科學及技術服務,技術檢測及分析服務業,環境檢測服務業,
專業、科學及技術服務,技術檢測及分析服務業,其他技術檢測及分析服務業,
專業、科學及技術服務,自然及工程科學研究發展服務業,自然及工程科學研究發展服務業,
專業、科學及技術服務,社會及人文科學研究發展服務業,社會及人文科學研究發展服務業,
專業、科學及技術服務,綜合研究發展服務業,綜合研究發展服務業,
專業、科學及技術服務,廣告業,廣告業,
專業、科學及技術服務,市場研究及民意調查業,市場研究及民意調查業,
專業、科學及技術服務,專門設計業,室內設計業,
專業、科學及技術服務,專門設計業,工業設計業,
專業、科學及技術服務,專門設計業,其他專門設計業,
專業、科學及技術服務,獸醫業,獸醫業,
專業、科學及技術服務,其他專業、科學及技術服務業,攝影業,
專業、科學及技術服務,其他專業、科學及技術服務業,翻譯業,
專業、科學及技術服務,其他專業、科學及技術服務業,藝人及模特兒等經紀業,
專業、科學及技術服務,其他專業、科學及技術服務業,未分類其他專業、科學及技術服務業,
支援服務業,機械設備租賃業,營造用機械設備租賃業,
支援服務業,機械設備租賃業,農業及其他工業用機械設備租賃業,
支援服務業,機械設備租賃業,辦公用機械設備租賃業,
支援服務業,機械設備租賃業,其他機械設備租賃業,
支援服務業,運輸工具租賃業,汽車租賃業,
支援服務業,運輸工具租賃業,其他運輸工具租賃業,
支援服務業,個人及家庭用品租賃業,個人及家庭用品租賃業,
支援服務業,智慧財產租賃業,智慧財產租賃業,
支援服務業,人力仲介業,人力仲介業,
支援服務業,人力供應業,人力供應業,
支援服務業,旅行及其他相關服務業,旅行及其他相關服務業,
支援服務業,保全及偵探業,保全及偵探業,
支援服務業,複合支援服務業,複合支援服務業,
支援服務業,清潔服務業,建築物一般清潔服務業,
支援服務業,清潔服務業,其他清潔服務業,
支援服務業,綠化服務業,綠化服務業,
支援服務業,行政支援服務業,代收帳款及信用評等業,
支援服務業,行政支援服務業,會議及工商展覽服務業,
支援服務業,行政支援服務業,影印業,
支援服務業,行政支援服務業,其他行政支援服務業,
公共行政及國防；強制,公共行政,政府機關,
公共行政及國防；強制,公共行政,民意機關,
公共行政及國防；強制,國防事務,國防事務,
公共行政及國防；強制,強制性社會安全事務,強制性社會安全事務,
公共行政及國防；強制,國際組織及外國機構,國際組織及外國機構,
教育業,學前教育,學前教育,
教育業,小學教育,小學教育,
教育業,國民中學教育,國民中學教育,
教育業,高級中等教育,高級中等教育,
教育業,大專校院,大專校院,
教育業,特殊教育學校,特殊教育學校,
教育業,教育輔助業,教育輔助業,
教育業,其他教育業,語言教育業,
教育業,其他教育業,藝術教育業,
教育業,其他教育業,運動及休閒教育業,
教育業,其他教育業,商業、資訊及專業管理教育業,
教育業,其他教育業,課業、升學及就業補習教育業,
教育業,其他教育業,未分類其他教育業,
醫療保健及社會工作服,醫院,醫院,
醫療保健及社會工作服,診所,診所,
醫療保健及社會工作服,其他醫療保健業,醫學檢驗業,
醫療保健及社會工作服,其他醫療保健業,未分類其他醫療保健業,
醫療保健及社會工作服,,,
醫療保健及社會工作服,,居住型身心障礙者照顧,
醫療保健及社會工作服,,居住型老人照顧服務業,
醫療保健及社會工作服,,其他居住型照顧服務業,
醫療保健及社會工作服,居住型護理照顧服務業,居住型長期照顧服務業,
醫療保健及社會工作服,居住型護理照顧服務業,其他居住型護理照顧服務業,
醫療保健及社會工作服,其他居住型照顧服務業,居住型身心障礙者照顧服務業,
醫療保健及社會工作服,其他居住型照顧服務業,居住型老人照顧服務業,
醫療保健及社會工作服,其他居住型照顧服務業,未分類其他居住型照顧服務業,
醫療保健及社會工作服,,兒童及少年之社會工作,
醫療保健及社會工作服,,,
醫療保健及社會工作服,居家式及社區式長期照顧服務業,居家式長期照顧服務業,
醫療保健及社會工作服,居家式及社區式長期照顧服務業,社區式長期照顧服務業,
醫療保健及社會工作服,未分類其他社會工作服務業,兒童及少年之社會工作服務業,
醫療保健及社會工作服,未分類其他社會工作服務業,其他未分類社會工作服務業,
藝術、娛樂及休閒服務,創作業,創作業,
藝術、娛樂及休閒服務,藝術表演業,藝術表演業,
藝術、娛樂及休閒服務,創作及藝術表演輔助業,創作及藝術表演輔助業,
藝術、娛樂及休閒服務,圖書館、檔案保存、博物館及類似機構,圖書館及檔案保存業,
藝術、娛樂及休閒服務,圖書館、檔案保存、博物館及類似機構,植物園、動物園及自然生態保護機構,
藝術、娛樂及休閒服務,圖書館、檔案保存、博物館及類似機構,博物館、歷史遺址及其他類似機構,
藝術、娛樂及休閒服務,博弈業,博弈業,
藝術、娛樂及休閒服務,運動服務業,職業運動業,
藝術、娛樂及休閒服務,運動服務業,運動場館,
藝術、娛樂及休閒服務,運動服務業,其他運動服務業,
藝術、娛樂及休閒服務,娛樂及休閒服務業,遊樂園及主題樂園,
藝術、娛樂及休閒服務,娛樂及休閒服務業,視聽及視唱業,
藝術、娛樂及休閒服務,娛樂及休閒服務業,特殊娛樂業,
藝術、娛樂及休閒服務,娛樂及休閒服務業,遊戲場,
藝術、娛樂及休閒服務,娛樂及休閒服務業,其他娛樂及休閒服務業,
其他服務業,未分類其他組織,宗教組織,
其他服務業,職業團體,工商業團體,
其他服務業,職業團體,專門職業團體,
其他服務業,職業團體,勞工團體,
其他服務業,職業團體,農民團體,
其他服務業,其他組織,政黨,
其他服務業,其他組織,未分類其他組織,
其他服務業,汽車維修及美容業,汽車維修業,
其他服務業,汽車維修及美容業,汽車美容業,
其他服務業,電腦、通訊傳播設備及電子產品維修頁,電腦及其週邊設備維修業,
其他服務業,電腦、通訊傳播設備及電子產品維修頁,通訊傳播設備維修業,
其他服務業,電腦、通訊傳播設備及電子產品維修頁,視聽電子產品及家用電器維修業,
其他服務業,其他個人及家庭用品維修業,機車維修業,
其他服務業,其他個人及家庭用品維修業,未分類其他個人及家庭用品維修業,
其他服務業,洗衣業,洗衣業,
其他服務業,美髮及美容美體業,美髮業,
其他服務業,美髮及美容美體業,美容美體業,
其他服務業,殯葬及寵物生命紀念相關服務業,殯葬及寵物生命紀念相關服務業,
其他服務業,家事服務業,家事服務業,
其他服務業,其他個人服務業,其他個人服務業,
